update,frames,FPS,duration,rreturn_mean,rreturn_std,rreturn_min,rreturn_max,num_frames_mean,num_frames_std,num_frames_min,num_frames_max,entropy,value,policy_loss,value_loss,grad_norm,return_mean,return_std,return_min,return_max
1,2048,774.2299860925965,2,0.12752799066570797,0.3322231408605982,0.0,0.996999979019165,2.2360043907793634,1.6652511919715651,1.0,14.0,1.7681377083063126,0.14164907485246658,-0.07499210117384791,0.224093833938241,0.5598532358536377,0.12752799066570797,0.3322231408605982,0.0,0.996999979019165
2,4096,725.0096464998226,5,0.15238029665963346,0.3578538901233224,0.0,0.996999979019165,2.332187857961054,1.818722006768836,1.0,18.0,1.74119371175766,0.15897607617080212,-0.053478050511330366,0.11206330731511116,0.44770720035777545,0.15238029665963346,0.3578538901233224,0.0,0.996999979019165
3,6144,819.5301329881422,7,0.19130731559381253,0.39159837035594064,0.0,0.996999979019165,2.5012195121951217,1.9124109354322198,1.0,13.0,1.7166398614645004,0.16652078181505203,-0.029781044460833073,0.07959464751183987,0.4140367994548928,0.19130731559381253,0.39159837035594064,0.0,0.996999979019165
4,8192,913.4089769326855,10,0.23188509935080404,0.4200385181613055,0.0,0.996999979019165,2.5593434343434343,2.113332753377304,1.0,21.0,1.6550558060407639,0.2082020826637745,-0.012104788969736546,0.08651969861239195,0.30635527444633065,0.23188509935080404,0.4200385181613055,0.0,0.996999979019165
5,10240,770.5270177623528,12,0.2467211742260877,0.4293619617315198,0.0,0.996999979019165,2.4211764705882355,2.003296936531615,1.0,15.0,1.6196890622377396,0.21935916505753994,0.013056675437837839,0.0668823947198689,0.3434495314251911,0.2467211742260877,0.4293619617315198,0.0,0.996999979019165
6,12288,695.7516217453925,15,0.2642911672592163,0.43891260222224004,0.0,0.996999979019165,2.4630071599045347,2.0813850555224223,1.0,17.0,1.6115124374628067,0.22294044867157936,-0.09974173177033663,0.07787000248208642,0.43346822601971113,0.2642911672592163,0.43891260222224004,0.0,0.996999979019165
7,14336,697.8045789489033,18,0.2977227465518843,0.45504746438834565,0.0,0.996999979019165,2.4218009478672986,2.085221885337181,1.0,17.0,1.553417593240738,0.256148561835289,-0.03087840141961351,0.08534560538828373,0.40903914496139016,0.2977227465518843,0.45504746438834565,0.0,0.996999979019165
8,16384,783.9658140844227,21,0.29156719844526485,0.4524142937611231,0.0,0.996999979019165,2.5104808877928484,2.095341822227941,1.0,17.0,1.5193436294794083,0.24396523647010326,-0.03814760269597173,0.06980604631826282,0.34661557357387784,0.29156719844526485,0.4524142937611231,0.0,0.996999979019165
9,18432,549.6554863713836,25,0.2704864507678694,0.44233563641571017,0.0,0.996999979019165,2.5270935960591134,2.3735000295459354,1.0,26.0,1.5433167964220047,0.22318431921303272,-0.005965708114672452,0.07207029778510332,0.3851732750318795,0.2704864507678694,0.44233563641571017,0.0,0.996999979019165
10,20480,470.70102667854,29,0.3119565185791647,0.460933771704878,0.0,0.996999979019165,2.8401122019635343,2.4914363259719985,1.0,17.0,1.541689470410347,0.23336905241012573,-0.08305575605481863,0.07806565519422293,0.4641011280970697,0.3119565185791647,0.460933771704878,0.0,0.996999979019165
11,22528,459.6724812378352,34,0.330380605719714,0.46775688357376627,0.0,0.996999979019165,3.008683068017366,2.9628544294121117,1.0,25.0,1.5300312787294388,0.2601079661399126,-0.04867625702172518,0.0750179449096322,0.3735474028646593,0.330380605719714,0.46775688357376627,0.0,0.996999979019165
12,24576,719.2826572094651,37,0.34750086172051176,0.47296092533118067,0.0,0.996999979019165,3.511226252158895,3.4110146256060507,1.0,32.0,1.4990907907485962,0.2965988256037235,-0.010889891884289682,0.08947986736893654,0.41367003779158357,0.34750086172051176,0.47296092533118067,0.0,0.996999979019165
13,26624,678.3020645018848,40,0.41588521407998125,0.4896205526615574,0.0,0.996999979019165,3.56,3.329885753360734,1.0,21.0,1.490791991353035,0.3055077735334635,-0.007664642122108489,0.08266583364456892,0.5554043063030152,0.41588521407998125,0.4896205526615574,0.0,0.996999979019165
14,28672,529.6590087297595,44,0.39874087986241374,0.4853043094634804,0.0,0.996999979019165,3.8809980806142033,3.824012895851094,1.0,32.0,1.4510871171951294,0.3143919389694929,-0.0955623546615243,0.09534804336726665,0.5549123827347873,0.39874087986241374,0.4853043094634804,0.0,0.996999979019165
15,30720,647.0557752766467,47,0.3821563681580385,0.48192602393035244,0.0,0.996999979019165,4.013513513513513,3.811916239352663,1.0,29.0,1.424880176782608,0.3082812689244747,-0.02745635947212577,0.09874160960316658,0.4778675427576009,0.3821563681580385,0.48192602393035244,0.0,0.996999979019165
16,32768,847.2564160682072,49,0.41674613478957423,0.4881606480858849,0.0,0.996999979019165,4.520971302428256,4.180542222356705,1.0,25.0,1.4028843343257904,0.3319699764251709,-0.024381354625802487,0.0934444023296237,0.4284100188619772,0.41674613478957423,0.4881606480858849,0.0,0.996999979019165
17,34816,982.5864218791519,51,0.44860975349821697,0.49235043637462916,0.0,0.996999979019165,4.907317073170732,4.59333505725906,1.0,30.0,1.3817557245492935,0.33086707442998886,-0.025485311984084547,0.08843637723475695,0.43356331867632825,0.44860975349821697,0.49235043637462916,0.0,0.996999979019165
18,36864,754.3728130047487,54,0.5061828228245151,0.4937724727132696,0.0,0.996999979019165,5.650969529085873,6.103906873094887,1.0,52.0,1.3445627242326736,0.35293591022491455,-0.04924410558305681,0.0894550746306777,0.3762848871333195,0.5061828228245151,0.4937724727132696,0.0,0.996999979019165
19,38912,643.1344975928318,57,0.49699418385361516,0.4941754267651155,0.0,0.996999979019165,5.848837209302325,5.632685843423943,1.0,32.0,1.3460840582847595,0.31311098858714104,-0.0005793065356556326,0.07531068380922079,0.38497007857645854,0.49699418385361516,0.4941754267651155,0.0,0.996999979019165
20,40960,980.1557001166269,59,0.5479967084370161,0.4898936794819987,0.0,0.996999979019165,6.707236842105263,6.967722594537769,1.0,52.0,1.3082737624645233,0.3782539740204811,-0.030304351588711143,0.08715981896966696,0.4136051605596244,0.5479967084370161,0.4898936794819987,0.0,0.996999979019165
21,43008,1233.635299874036,61,0.5158028811789476,0.4917396915376005,0.0,0.996999979019165,9.45673076923077,12.93318825900634,1.0,118.0,1.401599958539009,0.2981649152934551,0.01688518829178065,0.06092007737606764,0.36282372668921514,0.5158028811789476,0.4917396915376005,0.0,0.996999979019165
22,45056,1298.0204496443564,63,0.4990497711557069,0.49242057901839703,0.0,0.996999979019165,9.271493212669684,10.88851576654827,1.0,77.0,1.324161946773529,0.3163447007536888,0.019411425571888685,0.06797346798703074,0.33601499841551763,0.4990497711557069,0.49242057901839703,0.0,0.996999979019165
23,47104,1214.0872781341075,64,0.5576994513553348,0.48650759506498176,0.0,0.996999979019165,10.245901639344263,12.563703124831644,1.0,77.0,1.3318201005458832,0.28985941782593727,-0.03192905988544226,0.06198226008564234,0.38923871000175986,0.5576994513553348,0.48650759506498176,0.0,0.996999979019165
24,49152,1026.9590878621,66,0.5267761174719132,0.48922478298938127,0.0,0.996999979019165,11.467661691542288,14.227721486992147,1.0,98.0,1.3123129159212112,0.2977808974683285,-0.01733680508186808,0.058433426544070244,0.3551815871372559,0.5267761174719132,0.48922478298938127,0.0,0.996999979019165
25,51200,1218.8341233585875,68,0.5993413449479983,0.47911818312125903,0.0,0.996999979019165,9.298076923076923,12.445558218846523,1.0,86.0,1.3192562460899353,0.36670253798365593,-0.0014571388601325452,0.0652016163803637,0.3527123999372516,0.5993413449479983,0.47911818312125903,0.0,0.996999979019165
26,53248,1363.8566336014917,69,0.5516804097239504,0.48749471959484886,0.0,0.996999979019165,10.603092783505154,14.160792056654302,1.0,88.0,1.3191688507795334,0.325231347233057,0.004135033203056082,0.06092465948313475,0.3268180172374978,0.5516804097239504,0.48749471959484886,0.0,0.996999979019165
27,55296,1018.9383520996162,71,0.6329277750518587,0.47060619119498265,0.0,0.996999979019165,11.244444444444444,18.00975730054937,1.0,135.0,1.31971175968647,0.32587089762091637,-0.011102977878181264,0.059218639973551035,0.4266204120828633,0.6329277750518587,0.47060619119498265,0.0,0.996999979019165
28,57344,1269.5971861137232,73,0.5747285719428744,0.4773876511098722,0.0,0.996999979019165,14.442857142857143,18.401192286127014,1.0,100.0,1.335904449224472,0.3476860597729683,-0.017339713231194764,0.05735898902639747,0.302428567139008,0.5747285719428744,0.4773876511098722,0.0,0.996999979019165
29,59392,1309.2911593061283,75,0.6113154332109746,0.47484324378901455,0.0,0.996999979019165,12.758389261744966,18.745791834421983,1.0,135.0,1.3295659273862839,0.3378200903534889,0.005961870803730562,0.05565086007118225,0.34210241869254976,0.6113154332109746,0.47484324378901455,0.0,0.996999979019165
30,61440,1633.8759640940184,76,0.4880808068044258,0.48458703893675426,0.0,0.996999979019165,19.98989898989899,28.643223306812704,1.0,126.0,1.3780696392059326,0.24154968559741974,0.011872416478581727,0.04494451638311148,0.2566496749231975,0.4880808068044258,0.48458703893675426,0.0,0.996999979019165
31,63488,1169.725555239178,78,0.5954076071148333,0.47805142419404306,0.0,0.996999979019165,12.36413043478261,20.158961118427978,1.0,145.0,1.3397397100925446,0.36182868480682373,-0.0395483075408265,0.06678604241460562,0.3709277779475302,0.5954076071148333,0.47805142419404306,0.0,0.996999979019165
32,65536,811.1391683673335,80,0.6412301579165081,0.4624303485958067,0.0,0.996999979019165,13.333333333333334,18.974920791603296,1.0,143.0,1.324973613023758,0.30732424929738045,-0.04623647127300501,0.047879910096526146,0.3116985176798376,0.6412301579165081,0.4624303485958067,0.0,0.996999979019165
33,67584,1149.8396492895436,82,0.603078258815019,0.4707380523667978,0.0,0.996999979019165,18.026086956521738,30.642812014669143,1.0,220.0,1.3224543780088425,0.31145795434713364,-0.015315185824874789,0.04705487936735153,0.3097069793352478,0.603078258815019,0.4707380523667978,0.0,0.996999979019165
34,69632,928.8983551453089,84,0.6877241348398143,0.44699779135403245,0.0,0.996999979019165,15.8,32.45317050554644,1.0,283.0,1.3324669748544693,0.39477719366550446,-0.016205465857638046,0.05834228917956352,0.33269173845208533,0.6877241348398143,0.44699779135403245,0.0,0.996999979019165
35,71680,1215.528343110463,86,0.6038688509190668,0.471053786744171,0.0,0.996999979019165,16.295081967213115,22.466619509984053,1.0,160.0,1.343701794743538,0.3476902097463608,0.004191328654997051,0.05948782991617918,0.3400404493636323,0.6038688509190668,0.471053786744171,0.0,0.996999979019165
36,73728,1109.6529681828165,88,0.6287235777552534,0.4630541472816699,0.0,0.996999979019165,18.211382113821138,27.642388808953744,1.0,193.0,1.3418492376804352,0.38943785801529884,-0.010420787642942742,0.056654874701052904,0.3401435115673441,0.6287235777552534,0.4630541472816699,0.0,0.996999979019165
37,75776,1258.4281032135723,89,0.6394278040544235,0.46704594084145035,0.0,0.996999979019165,11.128342245989305,15.985775727004857,1.0,147.0,1.3371443152427673,0.42908450588583946,0.002247816475573927,0.08227462694048882,0.3932928569435833,0.6394278040544235,0.46704594084145035,0.0,0.996999979019165
38,77824,892.0191294387765,92,0.699452939454247,0.4398377639215419,0.0,0.996999979019165,10.429411764705883,14.586386268019284,1.0,94.0,1.3704937547445297,0.46087746322155,-0.01506062230328098,0.06788360374048352,0.32224425221969777,0.699452939454247,0.4398377639215419,0.0,0.996999979019165
39,79872,831.6092324623992,94,0.6639338810581806,0.45207363602727224,0.0,0.996999979019165,14.975206611570249,24.62964108546111,1.0,146.0,1.3723662495613098,0.413861945271492,0.019696076575201005,0.05612168787047267,0.36280905876391145,0.6639338810581806,0.45207363602727224,0.0,0.996999979019165
40,81920,1361.9439816600718,96,0.6649239115093065,0.4524497614929142,0.0,0.996999979019165,22.434782608695652,42.85321365551147,1.0,300.0,1.4218660742044449,0.3863980360329151,0.030074358568526804,0.03560493886470795,0.2289245661539752,0.6649239115093065,0.4524497614929142,0.0,0.996999979019165
41,83968,882.3048352521984,98,0.549595742149556,0.4840593469800467,0.0,0.996999979019165,19.47872340425532,29.81208120216275,1.0,228.0,1.4124004244804382,0.36486511304974556,0.06963457306846976,0.047349446918815374,0.3249526383859789,0.549595742149556,0.4840593469800467,0.0,0.996999979019165
42,86016,932.374199023138,100,0.6926462569204318,0.44584413145922863,0.0,0.996999979019165,16.224489795918366,38.79964161388017,1.0,300.0,1.3852916955947876,0.3983931317925453,-0.016211296198889613,0.057211638893932104,0.31209789353798234,0.6926462569204318,0.44584413145922863,0.0,0.996999979019165
43,88064,1342.7395521874785,102,0.659438014523057,0.45588592911288,0.0,0.996999979019165,15.338842975206612,23.761401341305945,1.0,147.0,1.408986657857895,0.36387111246585846,0.0006397818215191364,0.051954048220068216,0.29563586065581715,0.659438014523057,0.45588592911288,0.0,0.996999979019165
44,90112,977.9213050829185,104,0.6850225553476721,0.4443676326713809,0.0,0.996999979019165,16.23308270676692,36.05402946790912,1.0,273.0,1.3749458640813828,0.414341501891613,0.00023913463519420475,0.04708269238471985,0.3082470408476105,0.6850225553476721,0.4443676326713809,0.0,0.996999979019165
45,92160,1382.6972220934485,105,0.6809056603683615,0.4489455679405487,0.0,0.996999979019165,18.30188679245283,37.47607282221369,1.0,300.0,1.417697325348854,0.38623514026403427,0.02277434931602329,0.03922086814418435,0.26940642573936185,0.6809056603683615,0.4489455679405487,0.0,0.996999979019165
46,94208,1298.3323922493048,107,0.6481874978968075,0.45671242613996854,0.0,0.996999979019165,20.116071428571427,47.12004910251547,1.0,300.0,1.3971605002880096,0.37674102559685707,0.010373029974289238,0.04621300473809242,0.369971264903235,0.6481874978968075,0.45671242613996854,0.0,0.996999979019165
47,96256,1296.248560496713,108,0.6566845634639663,0.4603398521577449,0.0,0.996999979019165,15.536912751677852,29.050181875144347,1.0,193.0,1.3853771835565567,0.38553486764431,0.0028693129133898765,0.06160396570339799,0.35294642523649344,0.6566845634639663,0.4603398521577449,0.0,0.996999979019165
48,98304,1495.9116531186078,110,0.6960989014132992,0.43106403116850783,0.0,0.996999979019165,17.47252747252747,20.12452478960651,1.0,91.0,1.4034423530101776,0.38269979134202003,-0.026987933728378266,0.045676957815885544,0.3808269280447929,0.6960989014132992,0.43106403116850783,0.0,0.996999979019165
49,100352,1309.5718067014607,111,0.5771499986449877,0.474513093818744,0.0,0.996999979019165,20.541666666666668,38.30793995882432,1.0,236.0,1.4092290550470352,0.37315936759114265,0.015112546243472025,0.04830222250893712,0.32302804323756756,0.5771499986449877,0.474513093818744,0.0,0.996999979019165
50,102400,1396.0758417881348,113,0.6287424221183314,0.46254987474225395,0.0,0.996999979019165,14.734848484848484,23.325386043278087,1.0,160.0,1.4322925359010696,0.37889165058732033,-0.014730420429259539,0.05393323302268982,0.4139178511293351,0.6287424221183314,0.46254987474225395,0.0,0.996999979019165
51,104448,1402.4332634233804,114,0.6898999989032746,0.4453150730611692,0.0,0.996999979019165,13.13125,22.48947583732222,1.0,212.0,1.3870773315429688,0.43291088566184044,-0.05830636899918318,0.06551776640117168,0.4283756686602933,0.6898999989032746,0.4453150730611692,0.0,0.996999979019165
52,106496,1417.6128920249344,116,0.6766642828072821,0.44715189946581496,0.0,0.996999979019165,15.678571428571429,25.826970359668277,1.0,226.0,1.4003056287765503,0.4043819382786751,-0.029982847860082984,0.06367836194112897,0.43636279211279333,0.6766642828072821,0.44715189946581496,0.0,0.996999979019165
53,108544,1482.5742849588155,117,0.6750671623358085,0.44925666830601807,0.0,0.996999979019165,14.08955223880597,21.18802206209885,1.0,137.0,1.4089291393756866,0.40746019035577774,-0.007208871727925725,0.05641270522028208,0.45303583256896474,0.6750671623358085,0.44925666830601807,0.0,0.996999979019165
54,110592,1541.0638502239583,118,0.6554236105746694,0.45744487449864407,0.0,0.996999979019165,14.020833333333334,17.48311437343028,1.0,94.0,1.4123660326004028,0.3960327319800854,0.004699454570072703,0.057050968054682016,0.33981278834480966,0.6554236105746694,0.45744487449864407,0.0,0.996999979019165
55,112640,1612.1278338898876,120,0.6657102782035542,0.44712943049139026,0.0,0.996999979019165,18.560747663551403,29.54963433209665,1.0,199.0,1.4088208377361298,0.4218707010149956,-0.004270013945642859,0.044760819524526596,0.38071474620233914,0.6657102782035542,0.44712943049139026,0.0,0.996999979019165
56,114688,1609.107918388572,121,0.7425294087714508,0.40653344384169493,0.0,0.996999979019165,16.991596638655462,25.138773092114008,1.0,150.0,1.3573215007781982,0.4427729360759258,-0.011917414725758135,0.04305656347423792,0.34539628787593146,0.7425294087714508,0.40653344384169493,0.0,0.996999979019165
57,116736,1537.7951558904717,122,0.7152307681166209,0.425527369309275,0.0,0.996999979019165,17.192307692307693,25.02962741474012,1.0,160.0,1.373454824090004,0.4281965307891369,-0.005996217034407891,0.03982980735599995,0.2710502813184243,0.7152307681166209,0.425527369309275,0.0,0.996999979019165
58,118784,1703.7973532823935,124,0.6700309263062232,0.4490301210857776,0.0,0.996999979019165,21.536082474226806,37.80772349384465,1.0,230.0,1.379788801074028,0.4157905876636505,0.01936673015006818,0.040396941592916846,0.29104002975561705,0.6700309263062232,0.4490301210857776,0.0,0.996999979019165
59,120832,1677.037683069873,125,0.7117073157938515,0.42158618798458114,0.0,0.996999979019165,19.329268292682926,32.07386858185441,1.0,190.0,1.397544488310814,0.41746701300144196,0.008290130412206054,0.03134002536535263,0.27664422510681086,0.7117073157938515,0.42158618798458114,0.0,0.996999979019165
60,122880,1547.5722823550013,126,0.6995408139666732,0.43434341975403523,0.0,0.996999979019165,24.857142857142858,52.42934993583153,1.0,300.0,1.4077207446098328,0.40043090283870697,0.02744383062236011,0.03418948594480753,0.2502553047710713,0.6995408139666732,0.43434341975403523,0.0,0.996999979019165
61,124928,1632.6961763066802,127,0.7072297278288249,0.43288958417104356,0.0,0.996999979019165,20.716216216216218,36.195983154126246,1.0,176.0,1.411524936556816,0.3521016910672188,0.017859213810879737,0.0317750854883343,0.25466667514065244,0.7072297278288249,0.43288958417104356,0.0,0.996999979019165
62,126976,1619.6138411480454,129,0.6008130813313421,0.47477870909467734,0.0,0.996999979019165,23.700934579439252,53.39960708197897,1.0,300.0,1.4093875586986542,0.33572467416524887,0.008565395313780755,0.03967468440532684,0.2763122352557815,0.6008130813313421,0.47477870909467734,0.0,0.996999979019165
63,129024,1191.1997805624114,130,0.6569142835480827,0.4491533843047823,0.0,0.996999979019165,21.447619047619046,39.475123197704185,1.0,300.0,1.3839792311191559,0.40801389142870903,-0.0033841097611002624,0.04689847258850932,0.35120553129354054,0.6569142835480827,0.4491533843047823,0.0,0.996999979019165
64,131072,1139.4026052061943,132,0.6676818186586554,0.4473610642864909,0.0,0.996999979019165,21.90909090909091,40.32866011221153,1.0,300.0,1.4149204194545746,0.3755979351699352,-0.0002529631892684847,0.03531932504847646,0.2684320206708928,0.6676818186586554,0.4473610642864909,0.0,0.996999979019165
65,133120,1163.1452380010974,134,0.6521799999475479,0.4583189363615841,0.0,0.996999979019165,18.97,29.964130222651214,1.0,175.0,1.3948456794023514,0.36098142713308334,0.006010978140693624,0.041750924196094275,0.3056587580107545,0.6521799999475479,0.4583189363615841,0.0,0.996999979019165
66,135168,1201.388613294676,136,0.6728499990701675,0.4449025360913334,0.0,0.996999979019165,23.17,42.11818016011613,1.0,250.0,1.393062949180603,0.36550886929035187,0.008067553921137005,0.03801484708674252,0.27622226401762784,0.6728499990701675,0.4449025360913334,0.0,0.996999979019165
67,137216,943.9014537401803,138,0.7860437463968992,0.38208595582558097,0.0,0.996999979019165,13.16875,22.636315367954648,1.0,210.0,1.348906770348549,0.501625619828701,-0.06727606430649757,0.0524296797811985,0.39291149932497493,0.7860437463968992,0.38208595582558097,0.0,0.996999979019165
68,139264,868.1188642654996,140,0.7705371872452665,0.38722959568887355,0.0,0.996999979019165,18.355371900826448,33.44141528504211,1.0,238.0,1.3817591667175293,0.4958086907863617,-0.018960371759021655,0.04095985367894173,0.36545615713808643,0.7705371872452665,0.38722959568887355,0.0,0.996999979019165
69,141312,1189.2884846784832,142,0.7645294105305391,0.4039120189862253,0.0,0.996999979019165,11.641176470588235,20.46792494507182,1.0,213.0,1.358735978603363,0.4954386055469513,0.00939300877507776,0.05469406861811876,0.483945791958315,0.7645294105305391,0.4039120189862253,0.0,0.996999979019165
70,143360,1449.9825784701436,143,0.6512448961029247,0.45824875169617973,0.0,0.996999979019165,19.122448979591837,31.71276228841762,1.0,218.0,1.4006581604480743,0.4160396307706833,0.05369595577940345,0.036354138515889645,0.4104299647367781,0.6512448961029247,0.45824875169617973,0.0,0.996999979019165
71,145408,1364.406228919247,145,0.725006576431425,0.426813937005007,0.0,0.996999979019165,15.94078947368421,30.609646216217435,1.0,222.0,1.375853419303894,0.45283395051956177,0.0013400355528574437,0.05083062453195453,0.3531046803272142,0.725006576431425,0.426813937005007,0.0,0.996999979019165
72,147456,1270.860180939911,146,0.7632461515756753,0.4008857309077402,0.0,0.996999979019165,12.715384615384615,18.84439709237597,1.0,131.0,1.3856796026229858,0.4455942139029503,-0.025826025812420994,0.04505662666633725,0.4572875490890239,0.7632461515756753,0.4008857309077402,0.0,0.996999979019165
73,149504,1294.7734004188828,148,0.6558387084834038,0.45535778801236354,0.0,0.996999979019165,18.653225806451612,27.515990762803526,1.0,175.0,1.336033582687378,0.4282403737306595,0.03310497151687741,0.052175674587488174,0.39953898944617017,0.6558387084834038,0.45535778801236354,0.0,0.996999979019165
74,151552,1291.5211953172302,150,0.685553718696941,0.4431120585417688,0.0,0.996999979019165,16.322314049586776,29.908183151749004,1.0,239.0,1.3374366462230682,0.39887089282274246,0.001425159367499873,0.04143063863739371,0.34048382919948633,0.685553718696941,0.4431120585417688,0.0,0.996999979019165
75,153600,1400.5632609404552,151,0.7083239429433581,0.43625879902374926,0.0,0.996999979019165,13.507042253521126,18.691998167052336,1.0,141.0,1.3372498154640198,0.41838254779577255,-0.04726149397902191,0.060730382800102234,0.5274961942953704,0.7083239429433581,0.43625879902374926,0.0,0.996999979019165
76,155648,1323.6046253476993,153,0.7582235283711377,0.40861756474547384,0.0,0.996999979019165,13.68235294117647,27.303613966655373,1.0,222.0,1.3512350469827652,0.43507329374551773,-0.01849637237319257,0.05321979243308306,0.37165262203256155,0.7582235283711377,0.40861756474547384,0.0,0.996999979019165
77,157696,1427.3983119681695,154,0.6644999980926514,0.4546117460702535,0.0,0.996999979019165,13.704545454545455,17.97504104448622,1.0,103.0,1.3540378957986832,0.39325984939932823,0.006220763054443523,0.04761863453313708,0.41765792220575865,0.6644999980926514,0.4546117460702535,0.0,0.996999979019165
78,159744,1347.1966399813055,156,0.7118727243307865,0.43643410459400855,0.0,0.996999979019165,12.266666666666667,22.421346250320646,1.0,207.0,1.3376442939043045,0.4342591054737568,0.019143891404382885,0.05548132164403796,0.5682199723405041,0.7118727243307865,0.43643410459400855,0.0,0.996999979019165
79,161792,1330.813999898058,157,0.6652129618106065,0.4517938733120054,0.0,0.996999979019165,20.12962962962963,36.73102750188602,1.0,285.0,1.3529135286808014,0.41683562844991684,0.03118404606357217,0.04440594185143709,0.44090588934422537,0.6652129618106065,0.4517938733120054,0.0,0.996999979019165
80,163840,1234.5679046981056,159,0.715694440735711,0.42983992736637694,0.0,0.996999979019165,14.604166666666666,19.108323793426898,1.0,90.0,1.3036812543869019,0.4544617496430874,0.028067029314115644,0.04063431220129132,0.451955588524325,0.715694440735711,0.42983992736637694,0.0,0.996999979019165
81,165888,1422.909142832343,160,0.7457096740122764,0.41322138610615844,0.0,0.996999979019165,14.35483870967742,22.60716184994192,1.0,151.0,1.3312376588582993,0.4423881247639656,-0.0038162860146258026,0.036697450093925,0.4196566243213029,0.7457096740122764,0.41322138610615844,0.0,0.996999979019165
82,167936,1653.8359451561491,161,0.6510273936676653,0.4515264787903029,0.0,0.996999979019165,27.08219178082192,46.0478468922845,1.0,219.0,1.367574855685234,0.3632623739540577,0.036756793735548854,0.023481057956814766,0.2375819658074284,0.6510273936676653,0.4515264787903029,0.0,0.996999979019165
83,169984,1314.3051797023834,163,0.7560285689575331,0.40651555681192303,0.0,0.996999979019165,17.664285714285715,34.120921674514705,1.0,184.0,1.3350325524806976,0.43221962079405785,-0.04778425465337932,0.044085375033318996,0.4344951857912935,0.7560285689575331,0.40651555681192303,0.0,0.996999979019165
84,172032,948.6584764826436,165,0.7878724796659995,0.3882727572614142,0.0,0.996999979019165,12.563758389261745,24.76095707500991,1.0,238.0,1.29429692029953,0.4630722925066948,-0.0009435240062884986,0.04583016876131296,0.3848604203094299,0.7878724796659995,0.3882727572614142,0.0,0.996999979019165
85,174080,1065.9805528423242,167,0.6795555557365771,0.4511329223213696,0.0,0.996999979019165,16.25925925925926,28.19947805216022,1.0,154.0,1.343592032790184,0.4022129438817501,0.021757143607828766,0.03471625596284866,0.36148899346413155,0.6795555557365771,0.4511329223213696,0.0,0.996999979019165
86,176128,1455.132386208289,168,0.6814545430920341,0.4481470043126069,0.0,0.996999979019165,19.69090909090909,38.4714168878061,1.0,295.0,1.3625478595495224,0.36584872752428055,0.030199423665180802,0.04025562573224306,0.46936667531241577,0.6814545430920341,0.4481470043126069,0.0,0.996999979019165
87,178176,1596.0609495538706,170,0.7733092799629133,0.394783677772151,0.0,0.996999979019165,19.0,35.26833806834528,1.0,230.0,1.3677899241447449,0.4141874983906746,0.0004467629478313029,0.03817034023813903,0.3362819986773475,0.7733092799629133,0.394783677772151,0.0,0.996999979019165
88,180224,1407.5129306198987,171,0.7350270252775502,0.41937089082611895,0.0,0.996999979019165,16.527027027027028,31.79780842905941,1.0,202.0,1.326261892914772,0.4569946601986885,0.002047899179160595,0.05475393310189247,0.34495432662207154,0.7350270252775502,0.41937089082611895,0.0,0.996999979019165
89,182272,1439.6277037428092,173,0.7564236091242896,0.4064284396382169,0.0,0.996999979019165,12.847222222222221,25.456476867511984,1.0,225.0,1.3354385197162628,0.4603424072265625,-0.012331999896559864,0.042955628130584955,0.408750943627066,0.7564236091242896,0.4064284396382169,0.0,0.996999979019165
90,184320,1522.2135159058346,174,0.7713629026566783,0.3904178142359517,0.0,0.996999979019165,18.322580645161292,27.53635379706334,1.0,129.0,1.3198200464248657,0.47091663256287575,-0.014126543770544231,0.042548530735075474,0.3594531628302317,0.7713629026566783,0.3904178142359517,0.0,0.996999979019165
91,186368,1507.3532889242733,175,0.7360859354957938,0.4178809818102477,0.0,0.996999979019165,17.4140625,33.78436383515448,1.0,300.0,1.3288107514381409,0.46545181423425674,0.038560882676392794,0.039248665794730186,0.34211988474110366,0.7360859354957938,0.4178809818102477,0.0,0.996999979019165
92,188416,1575.603996892056,177,0.7377499996320062,0.41501900455218926,0.0,0.996999979019165,15.0,21.957963792506888,1.0,148.0,1.3464608043432236,0.41453268378973007,0.0023768893443048,0.034067943692207336,0.3132602696494821,0.7377499996320062,0.41501900455218926,0.0,0.996999979019165
93,190464,1496.4482326881484,178,0.715974997729063,0.4287301869671086,0.0,0.996999979019165,25.975,44.53986276359638,1.0,300.0,1.3348178416490555,0.3831758014857769,0.03752394067123532,0.02986099640838802,0.3942865256901283,0.715974997729063,0.4287301869671086,0.0,0.996999979019165
94,192512,1694.63485016473,179,0.7576124966144562,0.3964563476541981,0.0,0.996999979019165,24.2,50.60568149921509,1.0,300.0,1.3391983062028885,0.3921651169657707,-0.019726905185962096,0.03143053688108921,0.3063379662703057,0.7576124966144562,0.3964563476541981,0.0,0.996999979019165
95,194560,1460.2680134100883,181,0.7744047613370986,0.3917739298866568,0.0,0.996999979019165,19.523809523809526,38.573206896101254,1.0,300.0,1.3447032123804092,0.3809948265552521,0.01871916721574962,0.024958095978945494,0.36787482789339077,0.7744047613370986,0.3917739298866568,0.0,0.996999979019165
96,196608,1644.813444757687,182,0.7450674149427521,0.4144722859937621,0.0,0.996999979019165,26.921348314606742,60.378994918725915,1.0,300.0,1.3351705819368362,0.38283341750502586,0.005724190501496196,0.03357363794930279,0.3658183941349953,0.7450674149427521,0.4144722859937621,0.0,0.996999979019165
97,198656,1382.6253361020388,183,0.767701386163632,0.4033986173055648,0.0,0.996999979019165,18.86111111111111,44.19112704917745,1.0,300.0,1.2868949472904205,0.3939712233841419,-0.03754009515978396,0.044902279041707516,0.3572159041159856,0.767701386163632,0.4033986173055648,0.0,0.996999979019165
98,200704,1669.4993158693435,185,0.7871509413674193,0.3817203794335821,0.0,0.996999979019165,17.27358490566038,29.43093386694562,1.0,149.0,1.3008208572864532,0.44516173750162125,0.015452288440428674,0.03834852436557412,0.288621889860632,0.7871509413674193,0.3817203794335821,0.0,0.996999979019165
99,202752,1525.8248428557192,186,0.6814769203846271,0.4437221251871971,0.0,0.996999979019165,18.846153846153847,31.12813754058476,1.0,187.0,1.3842885941267014,0.3991903029382229,0.04918842273764312,0.02567800460383296,0.2689668536442622,0.6814769203846271,0.4437221251871971,0.0,0.996999979019165
100,204800,1652.252387609436,187,0.8018266638120015,0.36912423695172797,0.0,0.996999979019165,30.92,65.47992262263804,1.0,300.0,1.335890993475914,0.398815605789423,0.013767472002655268,0.024688030360266566,0.2208330764852933,0.8018266638120015,0.36912423695172797,0.0,0.996999979019165
101,206848,1422.6459116670937,189,0.777048076574619,0.39217204253809057,0.0,0.996999979019165,21.423076923076923,48.33331632999769,1.0,300.0,1.33540678024292,0.4255083315074444,-0.015179039677605033,0.03570751938968897,0.25131172273262414,0.777048076574619,0.39217204253809057,0.0,0.996999979019165
102,208896,1450.2234596956364,190,0.74052857032844,0.41039777579670117,0.0,0.996999979019165,26.228571428571428,53.39988534727431,1.0,300.0,1.3676817864179611,0.39988749101758003,0.019429361738730222,0.026624415535479784,0.2521490980882391,0.74052857032844,0.41039777579670117,0.0,0.996999979019165
103,210944,1711.044185512863,191,0.7681454495950178,0.3901116087771355,0.0,0.996999979019165,31.87272727272727,55.16093958770414,1.0,300.0,1.3847100287675858,0.387375146150589,0.027016632026061416,0.02090358384884894,0.27571327642285626,0.7681454495950178,0.3901116087771355,0.0,0.996999979019165
104,212992,1466.3313240970258,193,0.8477183093487377,0.3258384710560588,0.0,0.996999979019165,26.802816901408452,60.82614794440962,1.0,300.0,1.3674662709236145,0.3734970837831497,0.0020100444089621305,0.02197409374639392,0.22030757182435112,0.8477183093487377,0.3258384710560588,0.0,0.996999979019165
105,215040,1649.2308155460485,194,0.6983043439146401,0.43085157422146014,0.0,0.996999979019165,38.6231884057971,70.12992114004855,1.0,300.0,1.3978851586580276,0.3371167816221714,0.01869458326837048,0.028562471270561218,0.33596114253703313,0.6983043439146401,0.43085157422146014,0.0,0.996999979019165
106,217088,1650.943109297302,195,0.789731341511456,0.37149823954960065,0.0,0.996999979019165,30.746268656716417,63.62467917019238,1.0,300.0,1.3529010713100433,0.35579105094075203,-0.01040332968113944,0.02670984691940248,0.23444030898005383,0.789731341511456,0.37149823954960065,0.0,0.996999979019165
107,219136,1349.3882844871478,197,0.7779999955704338,0.38681002839021417,0.0,0.996999979019165,21.539473684210527,41.260545953181115,1.0,272.0,1.3352848887443542,0.3783378414809704,-0.009297053751652129,0.029881909023970366,0.25653072262744725,0.7779999955704338,0.38681002839021417,0.0,0.996999979019165
108,221184,1267.7040261937095,198,0.7492089529535664,0.4059749092019902,0.0,0.996999979019165,37.44776119402985,72.20581768062769,1.0,300.0,1.3388294279575348,0.3422871008515358,0.005555172392632812,0.024684104835614562,0.23045335045937806,0.7492089529535664,0.4059749092019902,0.0,0.996999979019165
109,223232,1563.0362568945163,200,0.7244249984622002,0.42091292809591685,0.0,0.996999979019165,30.0,47.71530152896448,1.0,225.0,1.3720911145210266,0.29975423961877823,0.02631569025106728,0.015521801309660077,0.232008843267544,0.7244249984622002,0.42091292809591685,0.0,0.996999979019165
110,225280,1587.5414916091602,201,0.807483333349228,0.3630057156148248,0.0,0.996999979019165,42.416666666666664,86.07018292584772,1.0,300.0,1.3481464236974716,0.32997550070285797,-0.006632446777075529,0.024193156277760863,0.20004369919027262,0.807483333349228,0.3630057156148248,0.0,0.996999979019165
111,227328,1507.6249885040525,202,0.7799122825003507,0.38493090218268555,0.0,0.996999979019165,35.70175438596491,72.87912725811545,1.0,300.0,1.3379083275794983,0.3283996060490608,0.009233671356923878,0.02326026512309909,0.2130874118055871,0.7799122825003507,0.38493090218268555,0.0,0.996999979019165
112,229376,1717.757769513547,203,0.7227051273370401,0.42650971931576176,0.0,0.996999979019165,25.307692307692307,47.68897837841696,1.0,261.0,1.3738145232200623,0.3433704525232315,0.014480958270723931,0.02615535561926663,0.2690863544462915,0.7227051273370401,0.42650971931576176,0.0,0.996999979019165
113,231424,1559.51097284996,205,0.8269072119722661,0.3435139216086104,0.0,0.996999979019165,26.65979381443299,60.295130951448584,1.0,300.0,1.3517203778028488,0.4051183760166168,-0.012585106742335483,0.030230560805648565,0.3004826205739331,0.8269072119722661,0.3435139216086104,0.0,0.996999979019165
114,233472,1715.2384203552228,206,0.7924179087823896,0.37246332628176637,0.0,0.996999979019165,22.17910447761194,49.20651739781957,1.0,300.0,1.336687758564949,0.38349624350667,0.012946610426297411,0.028588936664164066,0.28015170108673426,0.7924179087823896,0.37246332628176637,0.0,0.996999979019165
115,235520,1456.8174303851354,207,0.8632277217831942,0.30915640122542076,0.0,0.996999979019165,22.346534653465348,51.86319316069014,1.0,300.0,1.3029226213693619,0.45376650616526604,-0.022117487736977637,0.029349139658734202,0.3152722034657597,0.8632277217831942,0.30915640122542076,0.0,0.996999979019165
116,237568,1613.1278038872356,209,0.8205871549221354,0.3548348157287676,0.0,0.996999979019165,22.027522935779817,49.864855656503906,1.0,300.0,1.3177722096443176,0.4443931058049202,-0.015237189480103552,0.03436624095775187,0.30794575859490814,0.8205871549221354,0.3548348157287676,0.0,0.996999979019165
117,239616,1564.479843281273,210,0.8409999969902389,0.3371004246757364,0.0,0.996999979019165,19.541284403669724,44.11048100089279,1.0,300.0,1.2850513458251953,0.4732151925563812,0.0024758357467362657,0.036747686797752976,0.3096649280992849,0.8409999969902389,0.3371004246757364,0.0,0.996999979019165
118,241664,1683.3176448501943,211,0.7848472214407392,0.3873191204056977,0.0,0.996999979019165,22.0,43.80575811973175,1.0,270.0,1.3281774520874023,0.3955157846212387,0.04824193147942424,0.020271964138373733,0.24874865288957568,0.7848472214407392,0.3873191204056977,0.0,0.996999979019165
119,243712,1460.8307465888322,213,0.8292820499493525,0.35406496142634386,0.0,0.996999979019165,19.743589743589745,47.9594119433438,1.0,300.0,1.2755275815725327,0.4310099817812443,-0.015559321036562324,0.03146137483417988,0.368163827682911,0.8292820499493525,0.35406496142634386,0.0,0.996999979019165
120,245760,1748.6768974204886,214,0.7688571384974888,0.39534655165688937,0.0,0.996999979019165,36.816326530612244,66.4811384849923,1.0,255.0,1.3235473781824112,0.3341483883559704,0.03431108710356057,0.016525630722753704,0.22984584053829468,0.7688571384974888,0.39534655165688937,0.0,0.996999979019165
121,247808,1540.804286589627,215,0.804092099792079,0.3582333886464246,0.0,0.996999979019165,25.973684210526315,53.67567656627763,1.0,300.0,1.3485263586044312,0.36897561699151993,0.0007156515785027295,0.02783540077507496,0.2493074178434379,0.804092099792079,0.3582333886464246,0.0,0.996999979019165
122,249856,1532.3711120692715,216,0.7563698593884298,0.40326256565910507,0.0,0.996999979019165,25.383561643835616,52.69416284820927,1.0,300.0,1.3457800596952438,0.3750767894089222,0.015892432304099202,0.025751817971467972,0.2190319661125443,0.7563698593884298,0.40326256565910507,0.0,0.996999979019165
123,251904,1620.7325902937944,218,0.8161149388072134,0.3608108160092681,0.0,0.996999979019165,28.275862068965516,65.83009996223952,1.0,300.0,1.312113180756569,0.3871183656156063,0.008952749485615641,0.024584915954619646,0.29136385264617154,0.8161149388072134,0.3608108160092681,0.0,0.996999979019165
124,253952,1738.0502755609655,219,0.8351481457551321,0.33178230121313235,0.0,0.996999979019165,33.25925925925926,69.56563252843269,1.0,300.0,1.3331578075885773,0.36616574227809906,0.008536893088603392,0.0162228416884318,0.2177555916446351,0.8351481457551321,0.33178230121313235,0.0,0.996999979019165
125,256000,1631.7161286204807,220,0.7154067759796724,0.4256571008494358,0.0,0.996999979019165,27.677966101694917,57.40886386352326,1.0,300.0,1.3111730962991714,0.3149888254702091,0.03569546318612993,0.021357644349336624,0.2776840652569995,0.7154067759796724,0.4256571008494358,0.0,0.996999979019165
126,258048,1702.7061523067384,221,0.7198399996757507,0.42798403451220707,0.0,0.996999979019165,46.66,87.75684816582692,1.0,300.0,1.3182757049798965,0.2982826419174671,0.021029314259067178,0.018763496773317456,0.2192380337899429,0.7198399996757507,0.42798403451220707,0.0,0.996999979019165
127,260096,1379.600008030329,223,0.7014687489718199,0.4393363585518625,0.0,0.996999979019165,28.666666666666668,59.50449329439099,1.0,300.0,1.3057535588741302,0.3473576232790947,-0.006974643096327782,0.03923120815306902,0.3809371346754288,0.7014687489718199,0.4393363585518625,0.0,0.996999979019165
128,262144,1664.0245975315684,224,0.7936911723193001,0.3863359253119549,0.0,0.996999979019165,20.455882352941178,45.36273212007764,1.0,237.0,1.364224836230278,0.2833763621747494,0.002052168725640513,0.01924248633440584,0.22240752760287913,0.7936911723193001,0.3863359253119549,0.0,0.996999979019165
129,264192,1472.2253896542386,225,0.8755066649119059,0.2859728359981155,0.0,0.996999979019165,22.84,54.460760185660284,1.0,300.0,1.3166383057832718,0.3302200622856617,-0.04625431355088949,0.028657583752647042,0.22061467856110295,0.8755066649119059,0.2859728359981155,0.0,0.996999979019165
130,266240,1417.7612326661276,227,0.7766268582486394,0.3999902137736775,0.0,0.996999979019165,37.940298507462686,85.21034212982039,1.0,300.0,1.3397315442562103,0.29730013385415077,0.011248222115682438,0.021945081651210785,0.19955549091494182,0.7766268582486394,0.3999902137736775,0.0,0.996999979019165
131,268288,1449.0711858688337,228,0.8079868398214641,0.3687098935951122,0.0,0.996999979019165,23.960526315789473,52.40666911895893,1.0,270.0,1.341777428984642,0.3263386934995651,0.01025809400016442,0.02229847526177764,0.3146941446921593,0.8079868398214641,0.3687098935951122,0.0,0.996999979019165
132,270336,1481.5276912396894,230,0.8469390207674445,0.3367897696235976,0.0,0.996999979019165,21.195121951219512,55.771624707785804,1.0,300.0,1.321622610092163,0.3337588533759117,0.01375203236239031,0.024251111084595323,0.2606589105717474,0.8469390207674445,0.3367897696235976,0.0,0.996999979019165
133,272384,1448.3999934577012,231,0.8275434744098912,0.3517828307417458,0.0,0.996999979019165,24.315217391304348,63.656675825294656,1.0,300.0,1.290463462471962,0.3631574474275112,-0.01872240426018834,0.0287623000331223,0.2629059687349279,0.8275434744098912,0.3517828307417458,0.0,0.996999979019165
134,274432,1445.819251692791,233,0.8510819629567569,0.3254279538136793,0.0,0.996999979019165,24.10655737704918,61.47994573430112,1.0,300.0,1.2814115583896637,0.4052753560245037,-0.020418113796040416,0.031548500526696444,0.2749847812820748,0.8510819629567569,0.3254279538136793,0.0,0.996999979019165
135,276480,1523.4080959381977,234,0.7917692303657532,0.36829205599965426,0.0,0.996999979019165,23.076923076923077,41.50043843783514,1.0,210.0,1.2797438502311707,0.4034336023032665,0.009762448258697987,0.025959266116842628,0.2886140288056947,0.7917692303657532,0.36829205599965426,0.0,0.996999979019165
136,278528,1444.4028613182772,235,0.8276212088989489,0.35128701585466804,0.0,0.996999979019165,28.96969696969697,67.58652584403009,1.0,300.0,1.3365829437971115,0.372819934040308,0.026892010122537613,0.01789775025099516,0.19716897294198346,0.8276212088989489,0.35128701585466804,0.0,0.996999979019165
137,280576,1599.7565878254431,237,0.8263186799300896,0.34308759189654475,0.0,0.996999979019165,26.87912087912088,55.08990357724566,1.0,300.0,1.3037640303373337,0.43350715935230255,-0.030815261648967862,0.03196402871981263,0.3502674146796996,0.8263186799300896,0.34308759189654475,0.0,0.996999979019165
138,282624,1411.577487156026,238,0.8776935459144654,0.28186009862211653,0.0,0.996999979019165,23.532258064516128,56.07762987431352,1.0,300.0,1.335317611694336,0.3807380571961403,0.005447357951197773,0.020094964071176946,0.19192553212159577,0.8776935459144654,0.28186009862211653,0.0,0.996999979019165
139,284672,1657.6577892851967,239,0.8063174571309771,0.3636215894548442,0.0,0.996999979019165,33.01587301587302,67.4031914989034,1.0,300.0,1.3123916238546371,0.3683107905089855,0.023193334811367095,0.01869605900719762,0.18996130677281653,0.8063174571309771,0.3636215894548442,0.0,0.996999979019165
140,286720,1595.4007889029094,241,0.5819230744471917,0.46950537808867754,0.0,0.996999979019165,54.57692307692308,87.05708696328257,1.0,300.0,1.3409997820854187,0.30670564621686935,0.056342922151088715,0.009755885694175959,0.1908085779102678,0.5819230744471917,0.46950537808867754,0.0,0.996999979019165
141,288768,1413.2656461132842,1,0.8962049673062674,0.2685358989952856,0.0,0.996999979019165,9.683229813664596,14.926495830135803,1.0,92.0,1.2156903892755508,0.5075329840183258,-0.09593366738408804,0.039388362551108,0.3077020022075179,0.8962049673062674,0.2685358989952856,0.0,0.996999979019165
142,290816,1475.653100346721,2,0.886813005780786,0.2827893095796819,0.0,0.996999979019165,12.495934959349594,23.97368950231677,1.0,164.0,1.267337590456009,0.49631571769714355,-0.0048814142210176215,0.03193459752947092,0.3097312233642741,0.886813005780786,0.2827893095796819,0.0,0.996999979019165
143,292864,1276.8173964796435,4,0.8874333297212919,0.2835762007658581,0.0,0.996999979019165,14.825,35.68044807734342,1.0,271.0,1.2455232441425323,0.5064144544303417,0.008273446990642697,0.0246565374545753,0.33420587683029546,0.8874333297212919,0.2835762007658581,0.0,0.996999979019165
144,294912,1486.5063636454881,5,0.8427721499642239,0.3315330678976335,0.0,0.996999979019165,24.835443037974684,62.157910457146606,1.0,300.0,1.289116531610489,0.43343115225434303,0.020848389918683097,0.022235485957935452,0.3067307956674268,0.8427721499642239,0.3315330678976335,0.0,0.996999979019165
145,296960,1456.5491615367712,7,0.8293759994506836,0.352496210527308,0.0,0.996999979019165,17.816,43.69061848955677,1.0,280.0,1.2981667518615723,0.4501844234764576,-0.005139673186931759,0.033663892885670066,0.33933210106514977,0.8293759994506836,0.352496210527308,0.0,0.996999979019165
146,299008,1689.3022286962912,8,0.7562580608552502,0.4091729614490057,0.0,0.996999979019165,26.204301075268816,57.21033802731528,1.0,300.0,1.2984381020069122,0.40418190136551857,0.02977320202626288,0.029068470699712634,0.3003828948135955,0.7562580608552502,0.4091729614490057,0.0,0.996999979019165
147,301056,1307.5626241261602,10,0.8157924486781066,0.35900692804908335,0.0,0.996999979019165,15.61320754716981,28.629899516334575,1.0,180.0,1.2509221732616425,0.4792918711900711,0.002860434673493728,0.03473743610084057,0.38576849447443395,0.8157924486781066,0.35900692804908335,0.0,0.996999979019165
148,303104,1503.5605410898745,11,0.7866129019568043,0.3870146840956517,0.0,0.996999979019165,31.14516129032258,70.05570290022756,1.0,300.0,1.3175306618213654,0.3506149873137474,0.026488607516512275,0.01705050258897245,0.2578071078544295,0.7866129019568043,0.3870146840956517,0.0,0.996999979019165
149,305152,1837.722240823032,12,0.7396904755206335,0.41749043275977693,0.0,0.996999979019165,36.666666666666664,78.62650306434202,1.0,300.0,1.3330971151590347,0.3040930777788162,0.0397262261249125,0.013698095455765724,0.19219618043400694,0.7396904755206335,0.41749043275977693,0.0,0.996999979019165
150,307200,1274.512419913941,14,0.8258554188601942,0.34989943798024825,0.0,0.996999979019165,31.50602409638554,71.64863621970761,1.0,300.0,1.2874629646539688,0.3534534387290478,-0.0018491565861040726,0.024057423695921898,0.2399061792944886,0.8258554188601942,0.34989943798024825,0.0,0.996999979019165
151,309248,1360.7159720599639,15,0.8035476168706304,0.3712473940868514,0.0,0.996999979019165,21.666666666666668,54.892391122764934,1.0,300.0,1.2429910600185394,0.35473179444670677,-0.015967388404533267,0.030044252518564463,0.2788371301211561,0.8035476168706304,0.3712473940868514,0.0,0.996999979019165
152,311296,1531.9330381441748,16,0.7882183879271321,0.38904017982412753,0.0,0.996999979019165,29.735632183908045,70.45997637366447,1.0,300.0,1.2796630412340164,0.34150880575180054,0.012397963408147916,0.025820317212492228,0.32429482412894606,0.7882183879271321,0.38904017982412753,0.0,0.996999979019165
153,313344,1535.3219852096786,18,0.7915666659673055,0.38029669778966957,0.0,0.996999979019165,24.716666666666665,55.39557493358311,1.0,300.0,1.3045764863491058,0.32961897552013397,0.02381557342596352,0.017340544378384948,0.21110173049442366,0.7915666659673055,0.38029669778966957,0.0,0.996999979019165
154,315392,1411.9640441193633,19,0.8267256606996587,0.3492541029217174,0.0,0.996999979019165,25.920353982300885,59.17398100680129,1.0,300.0,1.234524354338646,0.43658462166786194,-0.015358735749032348,0.03426082618534565,0.36387296166471295,0.8267256606996587,0.3492541029217174,0.0,0.996999979019165
155,317440,1268.1146301683077,21,0.8932538458934197,0.2733475190489434,0.0,0.996999979019165,14.069230769230769,28.4310741325642,1.0,185.0,1.2361279726028442,0.509527649730444,-0.03726962534710765,0.0355778313241899,0.3432334760330026,0.8932538458934197,0.2733475190489434,0.0,0.996999979019165
156,319488,1609.870887371713,22,0.8123061182547588,0.3609186221074205,0.0,0.996999979019165,26.53061224489796,55.69344007126956,1.0,300.0,1.3632782995700836,0.39241766184568405,0.04717944702133536,0.015245927264913917,0.20304381596350712,0.8123061182547588,0.3609186221074205,0.0,0.996999979019165
157,321536,1630.1149215100331,23,0.8236666648160844,0.3482603468316522,0.0,0.996999979019165,37.714285714285715,75.42670752867832,1.0,300.0,1.3715205639600754,0.3744529187679291,0.025542996125295758,0.01852377667091787,0.23402554880297954,0.8236666648160844,0.3482603468316522,0.0,0.996999979019165
158,323584,1778.9946950761234,25,0.8839318169788881,0.2858560823325931,0.0,0.996999979019165,21.65909090909091,54.40794693868392,1.0,300.0,1.3918519169092178,0.3242923319339752,0.022063570097088814,0.012297936365939677,0.15625313906683783,0.8839318169788881,0.2858560823325931,0.0,0.996999979019165
159,325632,1567.4988753702994,26,0.7869777725802527,0.3898453789105507,0.0,0.996999979019165,36.166666666666664,82.44516696299156,1.0,300.0,1.3452560901641846,0.3660319596529007,0.017401940684067085,0.02686645812354982,0.2875227964193289,0.7869777725802527,0.3898453789105507,0.0,0.996999979019165
160,327680,1621.899126546858,27,0.8805833314028051,0.27628290322078286,0.0,0.996999979019165,18.555555555555557,42.958923820348076,1.0,300.0,1.3521669954061508,0.38753315433859825,-0.026985679287463427,0.024356703856028616,0.23881427482041725,0.8805833314028051,0.27628290322078286,0.0,0.996999979019165
161,329728,1470.9137169827443,29,0.8174869558085566,0.36502722581441066,0.0,0.996999979019165,27.869565217391305,67.27885147899526,1.0,300.0,1.3142466843128204,0.40449753031134605,0.0005187771457713097,0.030588695546612144,0.30764449100788127,0.8174869558085566,0.36502722581441066,0.0,0.996999979019165
162,331776,1341.358632059871,30,0.8419166637791528,0.338984952056146,0.0,0.996999979019165,15.166666666666666,35.935770892380056,1.0,300.0,1.300069436430931,0.4178045131266117,-0.02741163660539314,0.03886568476445973,0.36870145546448785,0.8419166637791528,0.338984952056146,0.0,0.996999979019165
